{
  "Click_Salaryfileupload-0" : {
    "transaction" : "Click_Salaryfileupload-0",
    "sampleCount" : 1,
    "errorCount" : 0,
    "errorPct" : 0.0,
    "meanResTime" : 688.0,
    "medianResTime" : 688.0,
    "minResTime" : 688.0,
    "maxResTime" : 688.0,
    "pct1ResTime" : 688.0,
    "pct2ResTime" : 688.0,
    "pct3ResTime" : 688.0,
    "throughput" : 1.4534883720930232,
    "receivedKBytesPerSec" : 1.0659861010174418,
    "sentKBytesPerSec" : 0.7324218750000001
  },
  "Total" : {
    "transaction" : "Total",
    "sampleCount" : 6,
    "errorCount" : 0,
    "errorPct" : 0.0,
    "meanResTime" : 520.1666666666666,
    "medianResTime" : 439.5,
    "minResTime" : 288.0,
    "maxResTime" : 977.0,
    "pct1ResTime" : 977.0,
    "pct2ResTime" : 977.0,
    "pct3ResTime" : 977.0,
    "throughput" : 0.233326852031888,
    "receivedKBytesPerSec" : 2.024216775228466,
    "sentKBytesPerSec" : 0.25953055123468793
  },
  "Click_Salaryfileupload-1" : {
    "transaction" : "Click_Salaryfileupload-1",
    "sampleCount" : 1,
    "errorCount" : 0,
    "errorPct" : 0.0,
    "meanResTime" : 288.0,
    "medianResTime" : 288.0,
    "minResTime" : 288.0,
    "maxResTime" : 288.0,
    "pct1ResTime" : 288.0,
    "pct2ResTime" : 288.0,
    "pct3ResTime" : 288.0,
    "throughput" : 3.472222222222222,
    "receivedKBytesPerSec" : 43.670654296875,
    "sentKBytesPerSec" : 1.8513997395833335
  },
  "Upload_SifFile-0" : {
    "transaction" : "Upload_SifFile-0",
    "sampleCount" : 1,
    "errorCount" : 0,
    "errorPct" : 0.0,
    "meanResTime" : 295.0,
    "medianResTime" : 295.0,
    "minResTime" : 295.0,
    "maxResTime" : 295.0,
    "pct1ResTime" : 295.0,
    "pct2ResTime" : 295.0,
    "pct3ResTime" : 295.0,
    "throughput" : 3.389830508474576,
    "receivedKBytesPerSec" : 2.476165254237288,
    "sentKBytesPerSec" : 4.359772245762712
  },
  "Click_Salaryfileupload" : {
    "transaction" : "Click_Salaryfileupload",
    "sampleCount" : 1,
    "errorCount" : 0,
    "errorPct" : 0.0,
    "meanResTime" : 977.0,
    "medianResTime" : 977.0,
    "minResTime" : 977.0,
    "maxResTime" : 977.0,
    "pct1ResTime" : 977.0,
    "pct2ResTime" : 977.0,
    "pct3ResTime" : 977.0,
    "throughput" : 1.0235414534288638,
    "receivedKBytesPerSec" : 13.623896494370522,
    "sentKBytesPerSec" : 1.0615244370522006
  },
  "Upload_SifFile-1" : {
    "transaction" : "Upload_SifFile-1",
    "sampleCount" : 1,
    "errorCount" : 0,
    "errorPct" : 0.0,
    "meanResTime" : 289.0,
    "medianResTime" : 289.0,
    "minResTime" : 289.0,
    "maxResTime" : 289.0,
    "pct1ResTime" : 289.0,
    "pct2ResTime" : 289.0,
    "pct3ResTime" : 289.0,
    "throughput" : 3.4602076124567476,
    "receivedKBytesPerSec" : 41.47180471453287,
    "sentKBytesPerSec" : 3.5075151384083045
  },
  "Upload_SifFile" : {
    "transaction" : "Upload_SifFile",
    "sampleCount" : 1,
    "errorCount" : 0,
    "errorPct" : 0.0,
    "meanResTime" : 584.0,
    "medianResTime" : 584.0,
    "minResTime" : 584.0,
    "maxResTime" : 584.0,
    "pct1ResTime" : 584.0,
    "pct2ResTime" : 584.0,
    "pct3ResTime" : 584.0,
    "throughput" : 1.7123287671232876,
    "receivedKBytesPerSec" : 21.773664918664384,
    "sentKBytesPerSec" : 3.9380217251712333
  }
}