{
  "Maker_Logsout-0" : {
    "transaction" : "Maker_Logsout-0",
    "sampleCount" : 4,
    "errorCount" : 0,
    "errorPct" : 0.0,
    "meanResTime" : 534.25,
    "medianResTime" : 523.5,
    "minResTime" : 334.0,
    "maxResTime" : 756.0,
    "pct1ResTime" : 756.0,
    "pct2ResTime" : 756.0,
    "pct3ResTime" : 756.0,
    "throughput" : 0.09345357693565721,
    "receivedKBytesPerSec" : 0.09080694243259661,
    "sentKBytesPerSec" : 0.11590433858230924
  },
  "Maker_Access_File_Review-0" : {
    "transaction" : "Maker_Access_File_Review-0",
    "sampleCount" : 4,
    "errorCount" : 0,
    "errorPct" : 0.0,
    "meanResTime" : 598.5,
    "medianResTime" : 565.0,
    "minResTime" : 458.0,
    "maxResTime" : 806.0,
    "pct1ResTime" : 806.0,
    "pct2ResTime" : 806.0,
    "pct3ResTime" : 806.0,
    "throughput" : 0.09256259545517656,
    "receivedKBytesPerSec" : 0.0677044765585227,
    "sentKBytesPerSec" : 0.09247220229555236
  },
  "Maker_Logsout-1" : {
    "transaction" : "Maker_Logsout-1",
    "sampleCount" : 4,
    "errorCount" : 0,
    "errorPct" : 0.0,
    "meanResTime" : 595.0,
    "medianResTime" : 594.0,
    "minResTime" : 440.0,
    "maxResTime" : 752.0,
    "pct1ResTime" : 752.0,
    "pct2ResTime" : 752.0,
    "pct3ResTime" : 752.0,
    "throughput" : 0.09415087678004001,
    "receivedKBytesPerSec" : 1.1575087163116393,
    "sentKBytesPerSec" : 0.07888813698952572
  },
  "Checker_Submitsiffile-1" : {
    "transaction" : "Checker_Submitsiffile-1",
    "sampleCount" : 4,
    "errorCount" : 0,
    "errorPct" : 0.0,
    "meanResTime" : 875.0,
    "medianResTime" : 946.0,
    "minResTime" : 439.0,
    "maxResTime" : 1169.0,
    "pct1ResTime" : 1169.0,
    "pct2ResTime" : 1169.0,
    "pct3ResTime" : 1169.0,
    "throughput" : 0.09597389510053266,
    "receivedKBytesPerSec" : 1.1504683226162484,
    "sentKBytesPerSec" : 0.10487772325927348
  },
  "Maker_Access_File_Review-1" : {
    "transaction" : "Maker_Access_File_Review-1",
    "sampleCount" : 4,
    "errorCount" : 0,
    "errorPct" : 0.0,
    "meanResTime" : 606.0,
    "medianResTime" : 600.0,
    "minResTime" : 420.0,
    "maxResTime" : 804.0,
    "pct1ResTime" : 804.0,
    "pct2ResTime" : 804.0,
    "pct3ResTime" : 804.0,
    "throughput" : 0.09262046449162942,
    "receivedKBytesPerSec" : 1.114000777143585,
    "sentKBytesPerSec" : 0.09524350498992754
  },
  "Checker_Submitsiffile-0" : {
    "transaction" : "Checker_Submitsiffile-0",
    "sampleCount" : 4,
    "errorCount" : 0,
    "errorPct" : 0.0,
    "meanResTime" : 632.0,
    "medianResTime" : 617.5,
    "minResTime" : 427.0,
    "maxResTime" : 866.0,
    "pct1ResTime" : 866.0,
    "pct2ResTime" : 866.0,
    "pct3ResTime" : 866.0,
    "throughput" : 0.09527212099559366,
    "receivedKBytesPerSec" : 0.07554781469572466,
    "sentKBytesPerSec" : 0.10057535429319996
  },
  "Maker_Accepts_Salary-1" : {
    "transaction" : "Maker_Accepts_Salary-1",
    "sampleCount" : 4,
    "errorCount" : 0,
    "errorPct" : 0.0,
    "meanResTime" : 700.25,
    "medianResTime" : 715.0,
    "minResTime" : 444.0,
    "maxResTime" : 927.0,
    "pct1ResTime" : 927.0,
    "pct2ResTime" : 927.0,
    "pct3ResTime" : 927.0,
    "throughput" : 0.09276868129319542,
    "receivedKBytesPerSec" : 1.114537794540563,
    "sentKBytesPerSec" : 0.0935840310311239
  },
  "Maker_Accepts_Salary-0" : {
    "transaction" : "Maker_Accepts_Salary-0",
    "sampleCount" : 4,
    "errorCount" : 0,
    "errorPct" : 0.0,
    "meanResTime" : 518.0,
    "medianResTime" : 529.0,
    "minResTime" : 403.0,
    "maxResTime" : 611.0,
    "pct1ResTime" : 611.0,
    "pct2ResTime" : 611.0,
    "pct3ResTime" : 611.0,
    "throughput" : 0.09285697704111243,
    "receivedKBytesPerSec" : 0.06791980058964181,
    "sentKBytesPerSec" : 0.0909526835666365
  },
  "Checker Transaction Controller" : {
    "transaction" : "Checker Transaction Controller",
    "sampleCount" : 5,
    "errorCount" : 0,
    "errorPct" : 0.0,
    "meanResTime" : 7030.4,
    "medianResTime" : 7441.0,
    "minResTime" : 3455.0,
    "maxResTime" : 8968.0,
    "pct1ResTime" : 8968.0,
    "pct2ResTime" : 8968.0,
    "pct3ResTime" : 8968.0,
    "throughput" : 0.08302062232258493,
    "receivedKBytesPerSec" : 5.861628880176336,
    "sentKBytesPerSec" : 0.8421080077541261
  },
  "Maker_Reviewfilebank" : {
    "transaction" : "Maker_Reviewfilebank",
    "sampleCount" : 4,
    "errorCount" : 0,
    "errorPct" : 0.0,
    "meanResTime" : 1193.5,
    "medianResTime" : 1212.5,
    "minResTime" : 1066.0,
    "maxResTime" : 1283.0,
    "pct1ResTime" : 1283.0,
    "pct2ResTime" : 1283.0,
    "pct3ResTime" : 1283.0,
    "throughput" : 0.09177469312836985,
    "receivedKBytesPerSec" : 1.1791121156934725,
    "sentKBytesPerSec" : 0.19215326373752437
  },
  "Maker_Access_File_Review" : {
    "transaction" : "Maker_Access_File_Review",
    "sampleCount" : 4,
    "errorCount" : 0,
    "errorPct" : 0.0,
    "meanResTime" : 1205.0,
    "medianResTime" : 1227.0,
    "minResTime" : 1056.0,
    "maxResTime" : 1310.0,
    "pct1ResTime" : 1310.0,
    "pct2ResTime" : 1310.0,
    "pct3ResTime" : 1310.0,
    "throughput" : 0.09164852789552068,
    "receivedKBytesPerSec" : 1.169346610436476,
    "sentKBytesPerSec" : 0.18580307022568449
  },
  "Checker_Submitsiffile" : {
    "transaction" : "Checker_Submitsiffile",
    "sampleCount" : 4,
    "errorCount" : 0,
    "errorPct" : 0.0,
    "meanResTime" : 1507.5,
    "medianResTime" : 1533.0,
    "minResTime" : 928.0,
    "maxResTime" : 2036.0,
    "pct1ResTime" : 2036.0,
    "pct2ResTime" : 2036.0,
    "pct3ResTime" : 2036.0,
    "throughput" : 0.09428403064230996,
    "receivedKBytesPerSec" : 1.2049756923983501,
    "sentKBytesPerSec" : 0.20256334708308782
  },
  "Launch_Maker_App" : {
    "transaction" : "Launch_Maker_App",
    "sampleCount" : 4,
    "errorCount" : 0,
    "errorPct" : 0.0,
    "meanResTime" : 770.25,
    "medianResTime" : 760.5,
    "minResTime" : 519.0,
    "maxResTime" : 1041.0,
    "pct1ResTime" : 1041.0,
    "pct2ResTime" : 1041.0,
    "pct3ResTime" : 1041.0,
    "throughput" : 0.09328140668361279,
    "receivedKBytesPerSec" : 1.1181926435950653,
    "sentKBytesPerSec" : 0.0919149798278958
  },
  "Checker_Launch_App" : {
    "transaction" : "Checker_Launch_App",
    "sampleCount" : 5,
    "errorCount" : 0,
    "errorPct" : 0.0,
    "meanResTime" : 914.2,
    "medianResTime" : 640.0,
    "minResTime" : 458.0,
    "maxResTime" : 2017.0,
    "pct1ResTime" : 2017.0,
    "pct2ResTime" : 2017.0,
    "pct3ResTime" : 2017.0,
    "throughput" : 0.08737134569346637,
    "receivedKBytesPerSec" : 1.0595994078407047,
    "sentKBytesPerSec" : 0.07926560561448268
  },
  "Checker_Logout-0" : {
    "transaction" : "Checker_Logout-0",
    "sampleCount" : 4,
    "errorCount" : 0,
    "errorPct" : 0.0,
    "meanResTime" : 707.5,
    "medianResTime" : 726.5,
    "minResTime" : 331.0,
    "maxResTime" : 1046.0,
    "pct1ResTime" : 1046.0,
    "pct2ResTime" : 1046.0,
    "pct3ResTime" : 1046.0,
    "throughput" : 0.09573958831977022,
    "receivedKBytesPerSec" : 0.09302821325993298,
    "sentKBytesPerSec" : 0.1190200155576831
  },
  "Checker_Logout" : {
    "transaction" : "Checker_Logout",
    "sampleCount" : 4,
    "errorCount" : 0,
    "errorPct" : 0.0,
    "meanResTime" : 1662.5,
    "medianResTime" : 1408.0,
    "minResTime" : 862.0,
    "maxResTime" : 2972.0,
    "pct1ResTime" : 2972.0,
    "pct2ResTime" : 2972.0,
    "pct3ResTime" : 2972.0,
    "throughput" : 0.09152061501853292,
    "receivedKBytesPerSec" : 1.2126928367958631,
    "sentKBytesPerSec" : 0.19045940488720084
  },
  "Checker_Uploadsiffile-0" : {
    "transaction" : "Checker_Uploadsiffile-0",
    "sampleCount" : 5,
    "errorCount" : 0,
    "errorPct" : 0.0,
    "meanResTime" : 572.0,
    "medianResTime" : 515.0,
    "minResTime" : 471.0,
    "maxResTime" : 840.0,
    "pct1ResTime" : 840.0,
    "pct2ResTime" : 840.0,
    "pct3ResTime" : 840.0,
    "throughput" : 0.09051903615330303,
    "receivedKBytesPerSec" : 0.06612132719010808,
    "sentKBytesPerSec" : 0.12089241586255589
  },
  "Checker_Uploadsiffile-1" : {
    "transaction" : "Checker_Uploadsiffile-1",
    "sampleCount" : 5,
    "errorCount" : 0,
    "errorPct" : 0.0,
    "meanResTime" : 667.2,
    "medianResTime" : 671.0,
    "minResTime" : 411.0,
    "maxResTime" : 942.0,
    "pct1ResTime" : 942.0,
    "pct2ResTime" : 942.0,
    "pct3ResTime" : 942.0,
    "throughput" : 0.09068320728367521,
    "receivedKBytesPerSec" : 1.0909437798121044,
    "sentKBytesPerSec" : 0.10083193341132089
  },
  "Checker_Logout-1" : {
    "transaction" : "Checker_Logout-1",
    "sampleCount" : 4,
    "errorCount" : 0,
    "errorPct" : 0.0,
    "meanResTime" : 954.5,
    "medianResTime" : 681.0,
    "minResTime" : 530.0,
    "maxResTime" : 1926.0,
    "pct1ResTime" : 1926.0,
    "pct2ResTime" : 1926.0,
    "pct3ResTime" : 1926.0,
    "throughput" : 0.09367023394140928,
    "receivedKBytesPerSec" : 1.150158873498349,
    "sentKBytesPerSec" : 0.07848541086106361
  },
  "Maker_Reviewfilebank-1" : {
    "transaction" : "Maker_Reviewfilebank-1",
    "sampleCount" : 4,
    "errorCount" : 0,
    "errorPct" : 0.0,
    "meanResTime" : 676.25,
    "medianResTime" : 672.0,
    "minResTime" : 611.0,
    "maxResTime" : 750.0,
    "pct1ResTime" : 750.0,
    "pct2ResTime" : 750.0,
    "pct3ResTime" : 750.0,
    "throughput" : 0.09274287039183862,
    "receivedKBytesPerSec" : 1.1204543313818687,
    "sentKBytesPerSec" : 0.09862986900069556
  },
  "Maker_Reviewfilebank-0" : {
    "transaction" : "Maker_Reviewfilebank-0",
    "sampleCount" : 4,
    "errorCount" : 0,
    "errorPct" : 0.0,
    "meanResTime" : 516.25,
    "medianResTime" : 522.0,
    "minResTime" : 454.0,
    "maxResTime" : 567.0,
    "pct1ResTime" : 567.0,
    "pct2ResTime" : 567.0,
    "pct3ResTime" : 567.0,
    "throughput" : 0.09312070771737865,
    "receivedKBytesPerSec" : 0.07138648003724829,
    "sentKBytesPerSec" : 0.09593979164241649
  },
  "Checker_Uploads_File-0" : {
    "transaction" : "Checker_Uploads_File-0",
    "sampleCount" : 5,
    "errorCount" : 0,
    "errorPct" : 0.0,
    "meanResTime" : 595.0,
    "medianResTime" : 522.0,
    "minResTime" : 511.0,
    "maxResTime" : 747.0,
    "pct1ResTime" : 747.0,
    "pct2ResTime" : 747.0,
    "pct3ResTime" : 747.0,
    "throughput" : 0.09101831288455238,
    "receivedKBytesPerSec" : 0.06675268845341684,
    "sentKBytesPerSec" : 0.09133829914078713
  },
  "Checker_Uploadsiffile" : {
    "transaction" : "Checker_Uploadsiffile",
    "sampleCount" : 5,
    "errorCount" : 0,
    "errorPct" : 0.0,
    "meanResTime" : 1239.2,
    "medianResTime" : 1251.0,
    "minResTime" : 996.0,
    "maxResTime" : 1413.0,
    "pct1ResTime" : 1413.0,
    "pct2ResTime" : 1413.0,
    "pct3ResTime" : 1413.0,
    "throughput" : 0.08985048878665901,
    "receivedKBytesPerSec" : 1.1465589228274151,
    "sentKBytesPerSec" : 0.21990556152062965
  },
  "Checker_Uploads_File-1" : {
    "transaction" : "Checker_Uploads_File-1",
    "sampleCount" : 5,
    "errorCount" : 0,
    "errorPct" : 0.0,
    "meanResTime" : 679.0,
    "medianResTime" : 628.0,
    "minResTime" : 598.0,
    "maxResTime" : 780.0,
    "pct1ResTime" : 780.0,
    "pct2ResTime" : 780.0,
    "pct3ResTime" : 780.0,
    "throughput" : 0.09086613600843238,
    "receivedKBytesPerSec" : 1.0931444623905062,
    "sentKBytesPerSec" : 0.09384768109620906
  },
  "Maker_Accepts_Salary" : {
    "transaction" : "Maker_Accepts_Salary",
    "sampleCount" : 4,
    "errorCount" : 0,
    "errorPct" : 0.0,
    "meanResTime" : 1218.75,
    "medianResTime" : 1222.5,
    "minResTime" : 1002.0,
    "maxResTime" : 1428.0,
    "pct1ResTime" : 1428.0,
    "pct2ResTime" : 1428.0,
    "pct3ResTime" : 1428.0,
    "throughput" : 0.0919096528112865,
    "receivedKBytesPerSec" : 1.171444173502447,
    "sentKBytesPerSec" : 0.18274223937869075
  },
  "Maker_Logsout" : {
    "transaction" : "Maker_Logsout",
    "sampleCount" : 4,
    "errorCount" : 0,
    "errorPct" : 0.0,
    "meanResTime" : 1129.75,
    "medianResTime" : 1118.0,
    "minResTime" : 774.0,
    "maxResTime" : 1509.0,
    "pct1ResTime" : 1509.0,
    "pct2ResTime" : 1509.0,
    "pct3ResTime" : 1509.0,
    "throughput" : 0.09250265945145923,
    "receivedKBytesPerSec" : 1.2271281754428565,
    "sentKBytesPerSec" : 0.19223208917256374
  },
  "Checker_Login_to_App" : {
    "transaction" : "Checker_Login_to_App",
    "sampleCount" : 5,
    "errorCount" : 0,
    "errorPct" : 0.0,
    "meanResTime" : 1066.0,
    "medianResTime" : 1105.0,
    "minResTime" : 605.0,
    "maxResTime" : 1611.0,
    "pct1ResTime" : 1611.0,
    "pct2ResTime" : 1611.0,
    "pct3ResTime" : 1611.0,
    "throughput" : 0.08958325868061777,
    "receivedKBytesPerSec" : 1.0864594624556563,
    "sentKBytesPerSec" : 0.12261708531909557
  },
  "Total" : {
    "transaction" : "Total",
    "sampleCount" : 121,
    "errorCount" : 0,
    "errorPct" : 0.0,
    "meanResTime" : 890.6942148760326,
    "medianResTime" : 769.0,
    "minResTime" : 331.0,
    "maxResTime" : 3455.0,
    "pct1ResTime" : 1425.0,
    "pct2ResTime" : 1709.9999999999998,
    "pct3ResTime" : 3348.7400000000007,
    "throughput" : 2.0091657810839534,
    "receivedKBytesPerSec" : 18.992149361135098,
    "sentKBytesPerSec" : 2.8525989950019928
  },
  "Checker_Uploads_File" : {
    "transaction" : "Checker_Uploads_File",
    "sampleCount" : 5,
    "errorCount" : 0,
    "errorPct" : 0.0,
    "meanResTime" : 1274.4,
    "medianResTime" : 1150.0,
    "minResTime" : 1110.0,
    "maxResTime" : 1522.0,
    "pct1ResTime" : 1522.0,
    "pct2ResTime" : 1522.0,
    "pct3ResTime" : 1522.0,
    "throughput" : 0.09001224166486643,
    "receivedKBytesPerSec" : 1.1488867173435586,
    "sentKBytesPerSec" : 0.18329445929646432
  },
  "Login_Maker" : {
    "transaction" : "Login_Maker",
    "sampleCount" : 4,
    "errorCount" : 0,
    "errorPct" : 0.0,
    "meanResTime" : 720.25,
    "medianResTime" : 716.0,
    "minResTime" : 550.0,
    "maxResTime" : 899.0,
    "pct1ResTime" : 899.0,
    "pct2ResTime" : 899.0,
    "pct3ResTime" : 899.0,
    "throughput" : 0.09271492478501726,
    "receivedKBytesPerSec" : 1.124938069327585,
    "sentKBytesPerSec" : 0.1267586862295158
  },
  "Maker Transaction Controller" : {
    "transaction" : "Maker Transaction Controller",
    "sampleCount" : 4,
    "errorCount" : 0,
    "errorPct" : 0.0,
    "meanResTime" : 6237.5,
    "medianResTime" : 6145.5,
    "minResTime" : 5781.0,
    "maxResTime" : 6878.0,
    "pct1ResTime" : 6878.0,
    "pct2ResTime" : 6878.0,
    "pct3ResTime" : 6878.0,
    "throughput" : 0.0837573549427309,
    "receivedKBytesPerSec" : 6.343699451127583,
    "sentKBytesPerSec" : 0.8828057928680613
  }
}